SUCCESS,"Siby, your application was sent to NxtJob.ai",Job,The email is about a job application
SUCCESS,"E-statement: You have 700  Points worth Rs.175 as on 30,April 2024",Bills,The email contains information about reward points and their expiration schedule. This is related to finance.
SUCCESS,“intern”: RecruitWizer - Full Stack Software Engineer Intern- Remote and more,Job,The email is about a job opportunity
FAILED,18fa38d9823432fa,-,Error fetching email content
SUCCESS,Unauthorized Foreign Exchange Transactions,Trashy,The email is not job related
SUCCESS,Your application was viewed by Hiremi,Job,The email is about a job application
FAILED,18f9f206ec8b54b7,-,Error fetching email content
SUCCESS,"Siby, your application was sent to Blu Ocean Innovations pvt ltd",Job,The email is about a job application
SUCCESS,"Siby, your application was sent to Hiremi",Job,The email is about a job application
FAILED,18f9b9c83734e4f3,-,Error fetching email content
