[{"family":"MaterialIcons","fonts":[{"asset":"fonts/MaterialIcons-Regular.otf"}]},{"family":"Product","fonts":[{"weight":100,"asset":"fonts/ProductSans-Thin.ttf"},{"weight":300,"asset":"fonts/ProductSans-Light.ttf"},{"weight":500,"asset":"fonts/ProductSans-Regular.ttf"},{"weight":600,"asset":"fonts/ProductSans-Medium.ttf"},{"weight":700,"asset":"fonts/ProductSans-Bold.ttf"},{"weight":800,"asset":"fonts/ProductSans-Black.ttf"}]},{"family":"packages/cupertino_icons/CupertinoIcons","fonts":[{"asset":"packages/cupertino_icons/assets/CupertinoIcons.ttf"}]}]